{
    "src": {
        "Building_new": {
            "path": "assets/space4.gltf",
            "createSphere": {
                "x": [
                    -275,
                    -125,
                    15
                ],
                "y": [
                    55,
                    220,
                    15
                ],
                "z": [
                    -10,
                    -10,
                    15
                ],
                "r": 5
            },
            "kernelPosition": "-215,160,-10",
            "entropy": {
                "-275,55,-10": 1.772046779206542,
                "-275,55,5": 1.775005772467113,
                "-275,130,-10": 2.3798030873817893,
                "-215,85,-10": 2.739221418941467,
                "-215,85,5": 2.7329868609006738,
                "-215,100,-10": 2.8191324395320323,
                "-215,100,5": 2.8109054008146446,
                "-215,115,-10": 2.840910007264904,
                "-215,115,5": 2.8330959584706203,
                "-215,130,-10": 2.858797188633015,
                "-215,130,5": 2.8527780733999166,
                "-215,145,-10": 2.876750068770905,
                "-215,145,5": 2.8703990839698332,
                "-275,130,5": 2.3666869373468744,
                "-215,160,-10": 2.891767269345549,
                "-215,160,5": 2.8816856750901803,
                "-215,175,-10": 2.883790771779691,
                "-215,175,5": 2.8722695320537586,
                "-215,190,-10": 2.801934384996696,
                "-215,190,5": 2.826045261054344,
                "-215,205,-10": 2.6899032971888337,
                "-215,205,5": 2.740724609885448,
                "-215,220,-10": 2.5848672787146505,
                "-215,220,5": 2.585867199198129,
                "-275,145,-10": 2.412470168104203,
                "-200,55,-10": 1.7457704307989235,
                "-200,55,5": 1.7685405992616074,
                "-200,70,-10": 1.9688854523177097,
                "-200,70,5": 1.996058425638275,
                "-200,85,-10": 2.2556553164158766,
                "-200,85,5": 2.267666407486019,
                "-200,100,-10": 2.84353893397861,
                "-200,100,5": 2.8341621754070303,
                "-200,115,-10": 2.8378169295995734,
                "-200,115,5": 2.8287721988104217,
                "-275,145,5": 2.4019464499952456,
                "-200,130,-10": 2.847372021711258,
                "-200,130,5": 2.8399266392630667,
                "-200,145,-10": 2.864577410877207,
                "-200,145,5": 2.8566048981697527,
                "-200,160,-10": 2.8801596550714295,
                "-200,160,5": 2.869446821175228,
                "-200,175,-10": 2.8709372581063493,
                "-200,175,5": 2.8614562828911208,
                "-200,190,-10": 2.7830261811143413,
                "-200,190,5": 2.8179039662526804,
                "-275,160,-10": 2.463845430763529,
                "-200,205,-10": 2.6635039785510406,
                "-200,205,5": 2.731955854651434,
                "-200,220,-10": 2.5635036992390234,
                "-200,220,5": 2.578359963654615,
                "-185,55,-10": 2.049733692981331,
                "-185,55,5": 2.067359761513675,
                "-185,70,-10": 2.4089048973690894,
                "-185,70,5": 2.4252530924162348,
                "-185,85,-10": 2.731536890418017,
                "-185,85,5": 2.736777837387896,
                "-275,160,5": 2.4604220196644517,
                "-185,100,-10": 2.86533203683413,
                "-185,100,5": 2.859558182962866,
                "-185,115,-10": 2.8109939499076333,
                "-185,115,5": 2.8011959869263525,
                "-185,130,-10": 2.7751963783911022,
                "-185,130,5": 2.7674936228134337,
                "-185,145,-10": 2.795762968384298,
                "-185,145,5": 2.787191341563107,
                "-185,160,-10": 2.816848709516256,
                "-185,160,5": 2.8063203653632085,
                "-275,175,-10": 2.4529136928480435,
                "-185,175,-10": 2.819014690593762,
                "-185,175,5": 2.8087544774294173,
                "-185,190,-10": 2.7487405268577345,
                "-185,190,5": 2.7783600840619336,
                "-185,205,-10": 2.64498674741157,
                "-185,205,5": 2.706615571193367,
                "-185,220,-10": 2.554621925893133,
                "-185,220,5": 2.5657246195159082,
                "-170,55,-10": 2.13846173893662,
                "-170,55,5": 2.1320722128340632,
                "-275,175,5": 2.4609742337953366,
                "-170,70,-10": 2.491093655907367,
                "-170,70,5": 2.482565685117365,
                "-170,85,-10": 2.666164821743258,
                "-170,85,5": 2.6559309935430786,
                "-170,100,-10": 2.7476370241388954,
                "-170,100,5": 2.737045701792888,
                "-170,115,-10": 2.7280322813309175,
                "-170,115,5": 2.7174628950499877,
                "-170,130,-10": 2.7036925748685587,
                "-170,130,5": 2.694263491454448,
                "-275,190,-10": 2.137726916534406,
                "-170,145,-10": 2.698710810714561,
                "-170,145,5": 2.6886454898547654,
                "-170,160,-10": 2.7091701029555306,
                "-170,160,5": 2.6971258600368646,
                "-170,175,-10": 2.7218200946211724,
                "-170,175,5": 2.7078866262636834,
                "-170,190,-10": 2.6958879080442633,
                "-170,190,5": 2.704893401396241,
                "-170,205,-10": 2.6301203564073354,
                "-170,205,5": 2.661061209831,
                "-275,190,5": 2.147003397004099,
                "-170,220,-10": 2.5554251945347635,
                "-170,220,5": 2.5483844662365764,
                "-155,55,-10": 1.8630092364909647,
                "-155,55,5": 1.8530022826902823,
                "-155,70,-10": 2.2970204247253796,
                "-155,70,5": 2.2805663662253344,
                "-155,85,-10": 2.481640879014695,
                "-155,85,5": 2.465789409351921,
                "-155,100,-10": 2.5544358827364526,
                "-155,100,5": 2.541697807792841,
                "-275,70,-10": 2.168535206495486,
                "-275,205,-10": 2.000459216914294,
                "-155,115,-10": 2.558523707030396,
                "-155,115,5": 2.5485238452183867,
                "-155,130,-10": 2.5423964031482678,
                "-155,130,5": 2.533663016431282,
                "-155,145,-10": 2.5416397098413572,
                "-155,145,5": 2.5315660599693093,
                "-155,160,-10": 2.556731826029139,
                "-155,160,5": 2.543166166241706,
                "-155,175,-10": 2.5799583893980857,
                "-155,175,5": 2.560740180850191,
                "-275,205,5": 2.009810153908704,
                "-155,190,-10": 2.597270704869783,
                "-155,190,5": 2.5727832344380577,
                "-155,205,-10": 2.5840668861459384,
                "-155,205,5": 2.561241943590583,
                "-155,220,-10": 2.5248999915579855,
                "-155,220,5": 2.4983491771004016,
                "-140,55,-10": 1.7678577584435131,
                "-140,55,5": 1.764782727840477,
                "-140,70,-10": 2.103679701369755,
                "-140,70,5": 2.092693538648752,
                "-275,220,-10": 1.8909346034302394,
                "-140,85,-10": 2.2580236575652957,
                "-140,85,5": 2.2453107822005296,
                "-140,100,-10": 2.3185891512449426,
                "-140,100,5": 2.3081182487202034,
                "-140,115,-10": 2.3293613835815026,
                "-140,115,5": 2.321491701075379,
                "-140,130,-10": 2.321353949257265,
                "-140,130,5": 2.3146776836013587,
                "-140,145,-10": 2.324685777353314,
                "-140,145,5": 2.316603452086486,
                "-275,220,5": 1.9016834909851377,