{
    "src": {
        "Building_new": {
            "path": "assets/space1.gltf",
            "createSphere": {
                "x": [
                    -90,
                    60,
                    15
                ],
                "y": [
                    60,
                    225,
                    15
                ],
                "z": [
                    -10,
                    -10,
                    15
                ],
                "r": 5
            },
            "kernelPosition": "0,150,-10",
            "entropy": {
                "-90,60,-10": 1.9620342544191558,
                "-90,60,5": 1.9460527068361166,
                "-90,135,-10": 2.4026571354770523,
                "-30,90,-10": 3.060414552324919,
                "-30,90,5": 3.031061924039296,
                "-30,105,-10": 3.155102354260227,
                "-30,105,5": 3.1167784589985037,
                "-30,120,-10": 3.1866104805668565,
                "-30,120,5": 3.139083801991968,
                "-30,135,-10": 3.2083540324191375,
                "-30,135,5": 3.1506731608410226,
                "-30,150,-10": 3.2075662760904247,
                "-30,150,5": 3.143127378789737,
                "-90,135,5": 2.2787463024005947,
                "-30,165,-10": 3.164072229012626,
                "-30,165,5": 3.1035529842728677,
                "-30,180,-10": 3.072341423231973,
                "-30,180,5": 3.0368436735296047,
                "-30,195,-10": 2.9883986278666446,
                "-30,195,5": 2.966616628308416,
                "-30,210,-10": 2.8900787856626358,
                "-30,210,5": 2.8615913619172413,
                "-30,225,-10": 2.6748275962663306,
                "-30,225,5": 2.634326107467201,
                "-90,150,-10": 2.364935724544272,
                "-15,60,-10": 2.1685502002077377,
                "-15,60,5": 2.2075229300832393,
                "-15,75,-10": 2.4634650639465456,
                "-15,75,5": 2.4990692719433185,
                "-15,90,-10": 3.161522672933566,
                "-15,90,5": 3.170967516897467,
                "-15,105,-10": 3.2080210363220574,
                "-15,105,5": 3.188039953737365,
                "-15,120,-10": 3.2398864777080028,
                "-15,120,5": 3.2107007167149,
                "-90,150,5": 2.272160317494553,
                "-15,135,-10": 3.2593023554582077,
                "-15,135,5": 3.2221888070222393,
                "-15,150,-10": 3.264027713030985,
                "-15,150,5": 3.221088116147958,
                "-15,165,-10": 3.2404568942135765,
                "-15,165,5": 3.1936515304369433,
                "-15,180,-10": 3.18251610068384,
                "-15,180,5": 3.135220424400365,
                "-15,195,-10": 3.079890368226618,
                "-15,195,5": 3.039205009262295,
                "-90,165,-10": 2.3636453625533056,
                "-15,210,-10": 2.932395088728726,
                "-15,210,5": 2.894466334101884,
                "-15,225,-10": 2.687714293540844,
                "-15,225,5": 2.6419858486332357,
                "0,60,-10": 2.588652698695601,
                "0,60,5": 2.60950973043401,
                "0,75,-10": 2.8779362742637806,
                "0,75,5": 2.9053010583766605,
                "0,90,-10": 3.161946644235062,
                "0,90,5": 3.178566751595806,
                "-90,165,5": 2.280260335478236,
                "0,105,-10": 3.245032607682913,
                "0,105,5": 3.244759597408806,
                "0,120,-10": 3.265668033158751,
                "0,120,5": 3.25155249238407,
                "0,135,-10": 3.2671521200290785,
                "0,135,5": 3.2458212174046714,
                "0,150,-10": 3.270632637808334,
                "0,150,5": 3.2461955304679657,
                "0,165,-10": 3.260411934786808,
                "0,165,5": 3.2335212015723567,
                "-90,180,-10": 2.3953891367080864,
                "0,180,-10": 3.219120926360512,
                "0,180,5": 3.186890294063915,
                "0,195,-10": 3.131394437250521,
                "0,195,5": 3.0956874467000803,
                "0,210,-10": 2.987194828480891,
                "0,210,5": 2.9479533041868597,
                "0,225,-10": 2.7280595414788604,
                "0,225,5": 2.6848104086216997,
                "15,60,-10": 2.427287003087939,
                "15,60,5": 2.42834121610848,
                "-90,180,5": 2.2995426560291756,
                "15,75,-10": 2.769930199300202,
                "15,75,5": 2.784371806463517,
                "15,90,-10": 3.0383955680215737,
                "15,90,5": 3.05631632072385,
                "15,105,-10": 3.14913983758159,
                "15,105,5": 3.164565587213775,
                "15,120,-10": 3.211868031414008,
                "15,120,5": 3.2155200756789055,
                "15,135,-10": 3.2468673443495715,
                "15,135,5": 3.2408702392601,
                "-90,195,-10": 2.389774030571871,
                "15,150,-10": 3.2613525147892486,
                "15,150,5": 3.2555044640455475,
                "15,165,-10": 3.2544295154442824,
                "15,165,5": 3.245085447033172,
                "15,180,-10": 3.2171157847321785,
                "15,180,5": 3.2014107006281485,
                "15,195,-10": 3.1361870319398637,
                "15,195,5": 3.1187196157418495,
                "15,210,-10": 2.996939085544241,
                "15,210,5": 2.978477340140573,
                "-90,195,5": 2.3029260319409075,
                "15,225,-10": 2.7582296357534064,
                "15,225,5": 2.7383430550955383,
                "30,60,-10": 2.5660277730893597,
                "30,60,5": 2.5295961241523583,
                "30,75,-10": 2.914575026638369,
                "30,75,5": 2.883415071937502,
                "30,90,-10": 2.698948635169975,
                "30,90,5": 2.712471897931105,
                "30,105,-10": 2.956438327863222,
                "30,105,5": 2.9779164592939904,
                "-90,75,-10": 2.107636149151091,
                "-90,210,-10": 2.3429404390960205,
                "30,120,-10": 3.0714302810964007,
                "30,120,5": 3.0880056329017505,
                "30,135,-10": 3.1574315466385374,
                "30,135,5": 3.163365538675373,
                "30,150,-10": 3.2142210827316227,
                "30,150,5": 3.2217892581679584,
                "30,165,-10": 3.244545219987105,
                "30,165,5": 3.232667447156814,
                "30,180,-10": 3.2248931340579667,
                "30,180,5": 3.2009030845640547,
                "-90,210,5": 2.2739693236056637,
                "30,195,-10": 3.1439992048007195,
                "30,195,5": 3.120852712573144,
                "30,210,-10": 2.985721829389693,
                "30,210,5": 2.98103608908428,
                "30,225,-10": 2.774369641407763,
                "30,225,5": 2.780613344742866,
                "45,60,-10": 2.440710010347783,
                "45,60,5": 2.3981108791460417,
                "45,75,-10": 2.7070827195989606,
                "45,75,5": 2.6648200731931,
                "-90,225,-10": 2.2132455521046563,
                "45,90,-10": 2.880480813355449,
                "45,90,5": 2.8507066283377815,
                "45,105,-10": 2.5669258988846084,
                "45,105,5": 2.6000286200946974,
                "45,120,-10": 2.80361518317463,
                "45,120,5": 2.8396620825101837,
                "45,135,-10": 2.9900541166888206,
                "45,135,5": 3.015697003135977,
                "45,150,-10": 3.140823281998812,
                "45,150,5": 3.1397548370111026,
                "-90,225,5": 2.1582008746903933,
                "45,165,-10": 3.186619979254719,
                "45,165,5": 3.151077473172888,
                "45,180,-10": 3.1837986069718047,
                "45,180,5": 3.122866384942352,
                "45,195,-10": 3.07513295736863,
                "45,195,5": 3.0512342892534106,