{
    "src": {
        "Building_new": {
            "path": "assets/space2.gltf",
            "createSphere": {
                "x": [
                    -275,
                    70,
                    15
                ],
                "y": [
                    -30,
                    30,
                    15
                ],
                "z": [
                    -10,
                    -10,
                    15
                ],
                "r": 5
            },
            "kernelPosition": "-215,15,-10",
            "entropy": {
                "-275,-30,-10": 2.2102539779373256,
                "-275,-30,5": 2.216087791819045,
                "-260,-30,-10": 2.2001608059854565,
                "-125,-30,-10": 0.7507359949348488,
                "-125,-30,5": 0.743451611163095,
                "-125,-15,-10": 1.8750483513249203,
                "-125,-15,5": 1.8703071350802964,
                "-125,0,-10": 2.3218526736915948,
                "-125,0,5": 2.3210489082356127,
                "-125,15,-10": 2.221781745501149,
                "-125,15,5": 2.2219139218959993,
                "-125,30,-10": 1.95353629144306,
                "-125,30,5": 1.9646623895430795,
                "-260,-30,5": 2.208419929722946,
                "-110,-30,-10": 2.258987445602205,
                "-110,-30,5": 2.262418718827246,
                "-110,-15,-10": 2.4881240694154023,
                "-110,-15,5": 2.491430502469419,
                "-110,0,-10": 2.407207731015507,
                "-110,0,5": 2.4100461042137318,
                "-110,15,-10": 2.2177975975133357,
                "-110,15,5": 2.2209431563819386,
                "-110,30,-10": 1.930588488899071,
                "-110,30,5": 1.9430624496475946,
                "-260,-15,-10": 2.3439383131011704,
                "-95,-30,-10": 2.05569026944584,
                "-95,-30,5": 2.0556565627059142,
                "-95,-15,-10": 2.359737038348486,
                "-95,-15,5": 2.3657966897436613,
                "-95,0,-10": 2.3570661253033225,
                "-95,0,5": 2.362285702089438,
                "-95,15,-10": 2.193892678903887,
                "-95,15,5": 2.199046634833245,
                "-95,30,-10": 1.9141685880933275,
                "-95,30,5": 1.9270949403524906,
                "-260,-15,5": 2.365655966147292,
                "-80,-30,-10": 1.9035180338106874,
                "-80,-30,5": 1.902903022183998,
                "-80,-15,-10": 2.226789050377247,
                "-80,-15,5": 2.2337573493163196,
                "-80,0,-10": 2.301797299434707,
                "-80,0,5": 2.30744628804395,
                "-80,15,-10": 2.1952147819078474,
                "-80,15,5": 2.1995423823253253,
                "-80,30,-10": 1.9162099728776771,
                "-80,30,5": 1.9274971287981992,
                "-260,0,-10": 2.103169110743428,
                "-65,-30,-10": 1.8760278618004953,
                "-65,-30,5": 1.876085088488674,
                "-65,-15,-10": 2.168623537810488,
                "-65,-15,5": 2.1766552657283675,
                "-65,0,-10": 2.3025641842510836,
                "-65,0,5": 2.308047619213384,
                "-65,15,-10": 2.2557904257986428,
                "-65,15,5": 2.2585303072346603,
                "-65,30,-10": 1.975613453454199,
                "-65,30,5": 1.9845498094552136,
                "-260,0,5": 2.132308370770639,
                "-50,-30,-10": 1.8796264962870275,
                "-50,-30,5": 1.8803169438948246,
                "-50,-15,-10": 2.1648081619814934,
                "-50,-15,5": 2.1737535096401093,
                "-50,0,-10": 2.3480611266621403,
                "-50,0,5": 2.354584301860358,
                "-50,15,-10": 2.403452383280356,
                "-50,15,5": 2.4071992500276607,
                "-50,30,-10": 2.209276689268556,
                "-50,30,5": 2.216934763731625,
                "-260,15,-10": 1.7529998336560424,
                "-35,-30,-10": 1.906599719369602,
                "-35,-30,5": 1.908155844163686,
                "-35,-15,-10": 2.186884852944811,
                "-35,-15,5": 2.1971290262190393,
                "-35,0,-10": 2.4001612269352948,
                "-35,0,5": 2.4107241284493317,
                "-35,15,-10": 2.5225122195840504,
                "-35,15,5": 2.5375694523242034,
                "-35,30,-10": 2.5820934161174396,
                "-35,30,5": 2.6046394923720926,
                "-260,15,5": 1.7740357382245968,
                "-20,-30,-10": 1.9450927067900126,
                "-20,-30,5": 1.9474666127274252,
                "-20,-15,-10": 2.2164042807063944,
                "-20,-15,5": 2.2273050438043933,
                "-20,0,-10": 2.438683542482248,
                "-20,0,5": 2.452436212178124,
                "-20,15,-10": 2.537549451867247,
                "-20,15,5": 2.563167812025314,
                "-20,30,-10": 2.2975105908074918,
                "-20,30,5": 2.3367156635267827,
                "-260,30,-10": 2.087541564693503,
                "-5,-30,-10": 1.9958048663226453,
                "-5,-30,5": 1.9990174551171969,
                "-5,-15,-10": 2.260342665124856,
                "-5,-15,5": 2.271749787774532,
                "-5,0,-10": 2.464784189943725,
                "-5,0,5": 2.476862992412125,
                "-5,15,-10": 2.5739124861134997,
                "-5,15,5": 2.593741525106338,
                "-5,30,-10": 2.447332373379187,
                "-5,30,5": 2.478040874086924,
                "-260,30,5": 2.086569481199975,
                "10,-30,-10": 2.0779994109474202,
                "10,-30,5": 2.081338762643541,
                "10,-15,-10": 2.3285504418694183,
                "10,-15,5": 2.340602059024824,
                "10,0,-10": 2.4852491828628724,
                "10,0,5": 2.4928644002043088,
                "10,15,-10": 2.561746313960493,
                "10,15,5": 2.567741783743769,
                "10,30,-10": 2.481712841576362,
                "10,30,5": 2.4893717474446464,
                "-275,-15,-10": 2.201171633919918,
                "-245,-30,-10": 2.216167485035768,
                "25,-30,-10": 2.150578921156291,
                "25,-30,5": 2.155783288577152,
                "25,-15,-10": 2.4358239313021435,
                "25,-15,5": 2.4525707337443103,
                "25,0,-10": 2.5189581485761647,
                "25,0,5": 2.5353554294652585,
                "25,15,-10": 2.471918568116163,
                "25,15,5": 2.476126724861917,
                "25,30,-10": 2.146765018461681,
                "25,30,5": 2.1519089102569002,
                "-245,-30,5": 2.2168799105564854,
                "40,-30,-10": 2.1955457611675824,
                "40,-30,5": 2.2046790615427834,
                "40,-15,-10": 2.426764145291077,
                "40,-15,5": 2.454072214373025,
                "40,0,-10": 2.145656677789459,
                "40,0,5": 2.184234415821601,
                "40,15,-10": 2.3988604143458816,
                "40,15,5": 2.410071425061556,
                "40,30,-10": 2.104814029817605,
                "40,30,5": 2.110342392901655,
                "-245,-15,-10": 2.4991157338533623,
                "55,-30,-10": 2.221980537092559,
                "55,-30,5": 2.2335388255475186,
                "55,-15,-10": 2.2972120195635677,
                "55,-15,5": 2.3343453467523707,
                "55,0,-10": 1.9333722325250255,
                "55,0,5": 1.9801109937212487,
                "55,15,-10": 2.4115588269617283,
                "55,15,5": 2.431453180116193,
                "55,30,-10": 2.161611124044988,
                "55,30,5": 2.1645596044209596,
                "-245,-15,5": 2.505966801896604,
                "70,-30,-10": 1.7130715282846924,
                "70,-30,5": 1.728695501667809,
                "70,-15,-10": 1.7470689385382876,
                "70,-15,5": 1.7743480420791895,
                "70,0,-10": 1.5860734219374943,