{"faces":[[9,0,15,1,1,2,1,2,10,3,4,4,4,4,9,5,1,2,9,5,4,4,5,6,10,3,0,7,4,4,5,6,0,8,9,5,2,9,3,10,0,11,12,12,3,13,2,14,0,11,3,13,12,12,9,5,0,8,12,15,0,7,11,16,2,17,7,18,5,19,4,20,6,21,5,22,8,23,6,21,7,18,4,20,5,19,7,18,8,24,5,22,6,21,0,25,0,25,6,21,4,20,6,21,8,24,7,18,10,3,15,1,11,16,10,3,11,16,0,7,15,26,10,27,1,28,2,29,11,30,14,31,11,30,12,32,13,33,13,33,14,31,11,30,12,34,2,29,14,31,14,35,13,33,12,32,9,5,12,15,11,36,16,37,9,38,11,39,16,37,15,40,9,38,11,41,15,40,16,42],[20,43,17,44,18,45,19,44,20,46,18,47,17,48,19,49,18,50,25,51,27,52,26,53,25,54,21,55,29,56,25,54,22,57,21,55,25,54,26,58,22,57,28,59,23,60,24,61,24,61,25,51,28,59,24,61,27,52,25,51,29,56,28,59,25,54,25,51,26,53,27,52,25,54,22,57,26,58,25,54,28,59,29,56,25,54,21,55,22,57,28,59,25,51,24,61,24,61,23,60,28,59,24,61,25,51,27,52,29,56,21,55,25,54]],"materials":["Texture_0.jpeg","Texture_1.jpeg"],"normals":[-0.1497104763984680,-0.2411599606275558,-0.008491705171763897,0.08533218502998352,-0.01442719995975494,0.05112917348742485,-0.3112571835517883,0.0002785027027130127,-0.02468290552496910,-0.001871757209300995,-0.05388770252466202,-0.02271625958383083,0.003707148134708405,-0.1092951297760010,0.05087242275476456,0.1042369604110718,0.005411650054156780,-0.04768252000212669,-0.03993853554129601,-0.001685772556811571,-0.007414037361741066,0.04577158764004707,-0.01961768791079521,0.01777452416718006,0.007995714433491230,0.007880750112235546,-0.01248002890497446,0.2942134141921997,0.006419997662305832,-0.02467627450823784,-0.1446812450885773,-0.01665775105357170,0.05206502228975296,-0.2676230072975159,0.2777388393878937,-0.03420018404722214,0.4014253318309784,-0.07562336325645447,-0.04099716991186142,0.1122334301471710,0.1199350208044052,-0.007684804499149323,-0.1399918645620346,-0.02912393584847450,-0.03686640411615372,-0.007773093879222870,0.1167143508791924,0.08872596174478531,0.007931545376777649,0.02709936909377575,0.007325185462832451,0.0008970403578132391,0.001530507579445839,-0.0008341055363416672,-0.001435163198038936,0.0004820101894438267,-0.0002785800024867058,0.0001880356576293707,-0.001844192855060101,-0.0002815342741087079,-0.003955402411520481,0.001277705654501915,0.0005584798054769635,0.0,0.0,0.0,0.0,0.0,0.0,0.0,5.820766091346741e-11,0.0,4.656612873077393e-10,-2.328306436538696e-10,8.731149137020111e-11,4.656612873077393e-10,2.328306436538696e-10,0.0,2.328306436538696e-10,0.0,-5.820766091346741e-11,0.0,0.0,2.910383045673370e-11,-1.164153218269348e-10,1.164153218269348e-10,5.820766091346741e-11,-2.328306436538696e-10,0.0,0.0],"skeletonLibs":[22,46,70,84,128,140,144,150,156,183,190,196,206,209,238,244,259,290,294,296,298,306,307,308,309,310,311,312,313,314],"type":0,"uvs":[0.5489772558212280,0.5123022794723511,0.5512195825576782,0.6478950381278992,0.4881907105445862,0.6216531395912170,0.4849011898040771,0.6682264208793640,0.4046695232391357,0.6584633588790894,0.5489772558212280,0.5123022794723511,0.4010684490203857,0.5328383445739746,0.4113352596759796,0.8392670750617981,0.3832106292247772,0.3812231719493866,0.03798440098762512,0.3394795954227448,0.1064883843064308,0.06216885522007942,0.1181995421648026,0.3517546951770782,0.1959858685731888,0.3459004163742065,0.1895667612552643,0.06519158929586411,0.2517180144786835,0.3268710076808929,0.5130416154861450,0.3052831888198853,0.5975812077522278,0.8279806375503540,0.5029361844062805,0.9910942912101746,0.3035544455051422,0.6360175609588623,0.3535073101520538,0.8127508759498596,0.2757225930690765,0.8478437066078186,0.2303352802991867,0.5522001981735229,0.1620949655771255,0.7987700104713440,0.1609835177659988,0.5447139143943787,0.3283957242965698,0.5555582642555237,0.2034364491701126,0.8426784873008728,0.5766037106513977,0.06290107965469360,0.7080117464065552,0.173538550734520,0.4936492145061493,0.1484929323196411,0.9586536884307861,0.3386508822441101,0.8853490352630615,0.3607262372970581,0.9543316960334778,0.05637562647461891,0.7923043370246887,0.3183188736438751,0.8546676635742188,0.05351455137133598,0.9821789860725403,0.2302899956703186,0.7604756355285645,0.05675597861409187,0.6140255928039551,0.4070165455341339,0.7241175174713135,0.5620500445365906,0.6516383290290833,0.8801186084747314,0.6381103992462158,0.7519266605377197,0.7361209392547607,0.9540158510208130,0.8138759732246399,0.8080739974975586,0.7919007539749146,0.5524409413337708,0.646153986454010,0.8652340173721313,0.3846150040626526,0.7792969942092896,0.4473114311695099,0.5452781319618225,0.6423079967498779,0.8671879768371582,0.3760662376880646,0.5305791497230530,0.6524616479873657,0.9135407209396362,0.4927300512790680,0.8856730461120605,0.5610104799270630,0.5647395253181458,0.6499999761581421,0.5776370167732239,0.4384619891643524,0.3417969942092896,0.6499999761581421,0.3085939884185791,0.6499999761581421,0.5791019797325134,0.1730770021677017,0.6074219942092896,0.4653849899768829,0.8261719942092896,0.4423080086708069,0.343750,0.6499999761581421,0.3105469942092896,0.6499999761581421,0.9003909826278687,0.4692310094833374,0.8242189884185791,0.1692309975624084,0.6074219942092896],"verts":[-0.06002160534262657,-0.1296578496694565,0.9630100727081299,0.09616208821535110,-0.009096127003431320,1.303768754005432,-0.1120782569050789,-0.005546832922846079,0.6728822588920593,-0.04411439970135689,-0.1100387349724770,0.04841854423284531,-0.02184809930622578,-0.2178052216768265,1.113124608993530,-0.01018371153622866,-0.1678135544061661,1.043558835983276,-0.05848208069801331,-0.4967183470726013,0.8049218654632568,-0.009570275433361530,-0.4220305681228638,0.8834217190742493,-0.003646285273134708,-0.4618685245513916,0.7968807816505432,0.08297944068908691,0.07739780098199844,1.060339450836182,-0.09122299402952194,-0.02901571802794933,1.321048259735107,-0.05107077211141586,0.1338025778532028,0.9968175888061523,0.06904906034469604,-0.001006295671686530,0.6471867561340332,0.01779059506952763,0.1556166410446167,0.05241765454411507,-0.05645887181162834,0.07587342709302902,0.01403925940394402,-0.03041485697031021,0.07046603411436081,1.208764076232910,-0.03314665332436562,0.4855669140815735,0.819874644279480,-0.1045076698064804,0.008772297762334347,1.318150281906128,-0.1377964913845062,-0.01435690838843584,1.239909768104553,-0.1152079105377197,-0.02380764298141003,1.316903710365295,-0.1156242117285728,0.0009597327443771064,1.361901879310608,-0.1229790002107620,-0.04322300106287003,1.260759949684143,-0.1270069926977158,-0.02890069968998432,1.165159940719604,-0.1104480028152466,0.02434810064733028,1.317180037498474,-0.1229790002107620,0.04322500154376030,1.260759949684143,-0.1515039950609207,0.001489200047217309,1.267899990081787,-0.1249290034174919,0.0006850039935670793,1.159880042076111,-0.1270069926977158,0.0251023992896080,1.165159940719604,-0.1171649992465973,0.0006846680189482868,1.355990052223206,-0.1104480028152466,-0.02297879941761494,1.317180037498474]}
