{ 
    "src":{
        "Building_new": {
            "path":"assets/space4.gltf",
            "createSphere":{
                "x":[-275,-125,15],
                "y":[55,220,15],
                "z":[-10,-10,15],
                "r":5
            },
            "kernelPosition":"-260,205,-10"
        },
        "main":{
            "camera":{
                "position":{"x": -209.59003139486683, "y": 159.7195034736839, "z": 294.15414258090436},
                "rotation":{"x": -0.053553241216544166, "y": 0.04043622793459824, "z": 0.0021669695825638955}
            }
        }
    }
}