{ 
    "src":{
        "Building_new": {
            "path":"assets/space3.gltf",
            "createSphere":{
                "x":[95,275,15],
                "y":[-15,225,15],
                "z":[-10,-10,15],
                "r":5
            },
            "kernelPosition":"170,60,-10"
        },
        "main":{
            "camera":{
                "position":{"x": 163.31262718492778, "y": 109.81950347368388, "z": 359.1869749917569},
                "rotation":{"x": -0.053553241216544166, "y": 0.04043622793459824, "z": 0.0021669695825638955}
            }
        }
    }
}