{ 
    "src":{
        "Building_new": {
            "path":"assets/space2.gltf",
            "createSphere":{
                "x":[-275,70,15],
                "y":[-30,30,15],
                "z":[-10,-10,15],
                "r":5
            },
            "kernelPosition":"-245,30,-10"
        },
        "main":{
            "camera":{
                "position":{"x": -89.08202671430864, "y": 14.719503473683886, "z": 304.2624158959368},
                "rotation":{"x": -0.053553241216544166, "y": 0.04043622793459824, "z": 0.0021669695825638955}
            }
        }
    }
}