{ 
    "src":{
        "Building_new": {
            "path":"assets/space1.gltf",
            "createSphere":{
                "x":[-90,60,15],
                "y":[60,225,15],
                "z":[-10,-10,15],
                "r":5
            },
            "kernelPosition":"-75,210,-10"
        },
        "main":{
            "camera":{
                "position":{"x": -37.70813332811672, "y": 169.7195034736839, "z": 337.15951201673545},
                "rotation":{"x": -0.053553241216544166, "y": 0.04043622793459824, "z": 0.0021669695825638955}
            }
        }
    }
}