{ 
    "src":{
        "Building_new": {
            "path":"assets/space0.gltf",
            "createSphere":{
                "x":[-280,280,15],
                "y":[-230,-60,15],
                "z":[-10,-10,15],
                "r":5
            },
            "kernelPosition":"-235,-95,-10"
        },
        "main":{
            "camera":{
                "position":{"x": 2.2209875666552747, "y": -90.18049652631612, "z": 470.45910768800354},
                "rotation":{"x": -0.053553241216544166, "y": 0.04043622793459824, "z": 0.0021669695825638955}
            }
        }
    }
}