{
    "src": {
        "Building_new": {
            "path": "assets/space2.gltf",
            "createSphere": {
                "x": [
                    -275,
                    70,
                    15
                ],
                "y": [
                    -30,
                    30,
                    15
                ],
                "z": [
                    -10,
                    -10,
                    15
                ],
                "r": 5
            },
            "kernelPosition": "-215,15,-10",
            "entropy": {
                "-275,-30,-10": 2.2102539779373256,
                "-275,-15,-10": 2.201171633919918,
                "-275,0,-10": 1.9718492265731733,
                "-275,15,-10": 1.7330789252079348,
                "-275,30,-10": 2.1289184375202503,
                "-260,-30,-10": 2.2001608059854565,
                "-260,-15,-10": 2.3439383131011704,
                "-260,0,-10": 2.103169110743428,
                "-260,15,-10": 1.7529998336560424,
                "-260,30,-10": 2.087541564693503,
                "-245,-30,-10": 2.216167485035768,
                "-245,-15,-10": 2.4991157338533623,
                "-245,0,-10": 2.3832889225187364,
                "-245,15,-10": 2.4246644197859686,
                "-245,30,-10": 2.135131396230487,
                "-230,-30,-10": 2.228891405811764,
                "-230,-15,-10": 2.570850401703453,
                "-230,0,-10": 2.7159433883334647,
                "-230,15,-10": 2.6517564348097244,
                "-230,30,-10": 2.361847545849859,
                "-215,-30,-10": 2.2152770520196583,
                "-215,-15,-10": 2.55205016762006,
                "-215,0,-10": 2.6672293994298215,
                "-215,15,-10": 2.7427313026849482,
                "-215,30,-10": 2.72819267103028,
                "-200,-30,-10": 2.1911037028049227,
                "-200,-15,-10": 2.534150335503229,
                "-200,0,-10": 2.6781712692306185,
                "-200,15,-10": 2.731447538957969,
                "-200,30,-10": 2.4426978290208434,
                "-185,-30,-10": 0.8253801904682021,
                "-185,-15,-10": 2.090621556634895,
                "-185,0,-10": 2.603942525618214,
                "-185,15,-10": 2.7154606815402316,
                "-185,30,-10": 2.585460709859524,
                "-170,-30,-10": 0.9536162712752699,
                "-170,-15,-10": 1.7691245494352195,
                "-170,0,-10": 2.365419191191865,
                "-170,15,-10": 2.573321086276659,
                "-170,30,-10": 2.5255640217902244,
                "-155,-30,-10": 0.9832817569856416,
                "-155,-15,-10": 1.689088284487618,
                "-155,0,-10": 2.1911386063766938,
                "-155,15,-10": 2.34915307159026,
                "-155,30,-10": 2.1163340588993926,
                "-140,-30,-10": 0.8960107673967538,
                "-140,-15,-10": 1.653284412846286,
                "-140,0,-10": 2.15346922743176,
                "-140,15,-10": 2.2185446863019815,
                "-140,30,-10": 1.9845571433200933,
                "-125,-30,-10": 0.7507359949348488,
                "-125,-15,-10": 1.8750483513249203,
                "-125,0,-10": 2.3218526736915948,
                "-125,15,-10": 2.221781745501149,
                "-125,30,-10": 1.95353629144306,
                "-110,-30,-10": 2.258987445602205,
                "-110,-15,-10": 2.4881240694154023,
                "-110,0,-10": 2.407207731015507,
                "-110,15,-10": 2.2177975975133357,
                "-110,30,-10": 1.930588488899071,
                "-95,-30,-10": 2.05569026944584,
                "-95,-15,-10": 2.359737038348486,
                "-95,0,-10": 2.3570661253033225,
                "-95,15,-10": 2.193892678903887,
                "-95,30,-10": 1.9141685880933275,
                "-80,-30,-10": 1.9035180338106874,
                "-80,-15,-10": 2.226789050377247,
                "-80,0,-10": 2.301797299434707,
                "-80,15,-10": 2.1952147819078474,
                "-80,30,-10": 1.9162099728776771,
                "-65,-30,-10": 1.8760278618004953,
                "-65,-15,-10": 2.168623537810488,
                "-65,0,-10": 2.3025641842510836,
                "-65,15,-10": 2.2557904257986428,
                "-65,30,-10": 1.975613453454199,
                "-50,-30,-10": 1.8796264962870275,
                "-50,-15,-10": 2.1648081619814934,
                "-50,0,-10": 2.3480611266621403,
                "-50,15,-10": 2.403452383280356,
                "-50,30,-10": 2.209276689268556,
                "-35,-30,-10": 1.906599719369602,
                "-35,-15,-10": 2.186884852944811,
                "-35,0,-10": 2.4001612269352948,
                "-35,15,-10": 2.5225122195840504,
                "-35,30,-10": 2.5820934161174396,
                "-20,-30,-10": 1.9450927067900126,
                "-20,-15,-10": 2.2164042807063944,
                "-20,0,-10": 2.438683542482248,
                "-20,15,-10": 2.537549451867247,
                "-20,30,-10": 2.2975105908074918,
                "-5,-30,-10": 1.9958048663226453,
                "-5,-15,-10": 2.260342665124856,
                "-5,0,-10": 2.464784189943725,
                "-5,15,-10": 2.5739124861134997,
                "-5,30,-10": 2.447332373379187,
                "10,-30,-10": 2.0779994109474202,
                "10,-15,-10": 2.3285504418694183,
                "10,0,-10": 2.4852491828628724,
                "10,15,-10": 2.561746313960493,
                "10,30,-10": 2.481712841576362,
                "25,-30,-10": 2.150578921156291,
                "25,-15,-10": 2.4358239313021435,
                "25,0,-10": 2.5189581485761647,
                "25,15,-10": 2.471918568116163,
                "25,30,-10": 2.146765018461681,
                "40,-30,-10": 2.1955457611675824,
                "40,-15,-10": 2.426764145291077,
                "40,0,-10": 2.145656677789459,
                "40,15,-10": 2.3988604143458816,
                "40,30,-10": 2.104814029817605,
                "55,-30,-10": 2.221980537092559,
                "55,-15,-10": 2.2972120195635677,
                "55,0,-10": 1.9333722325250255,
                "55,15,-10": 2.4115588269617283,
                "55,30,-10": 2.161611124044988,
                "70,-30,-10": 1.7130715282846924,
                "70,-15,-10": 1.7470689385382876,
                "70,0,-10": 1.5860734219374943,
                "70,15,-10": 1.4858080227480661,
                "70,30,-10": 1.6904954073089045
            }
        },
        "main": {
            "camera": {
                "position": {
                    "x": -89.08202671430864,
                    "y": 14.719503473683886,
                    "z": 304.2624158959368
                },
                "rotation": {
                    "x": -0.053553241216544166,
                    "y": 0.04043622793459824,
                    "z": 0.0021669695825638955
                }
            }
        }
    }
}