{
    "src": {
        "Building_new": {
            "path": "assets/space3.gltf",
            "createSphere": {
                "x": [
                    95,
                    275,
                    15
                ],
                "y": [
                    -15,
                    225,
                    15
                ],
                "z": [
                    -10,
                    -10,
                    15
                ],
                "r": 5
            },
            "kernelPosition": "200,150,-10",
            "entropy": {
                "95,-15,-10": 2.494795785954114,
                "95,0,-10": 2.44374028666285,
                "95,15,-10": 2.638665445941533,
                "95,30,-10": 2.486128183396385,
                "95,45,-10": 2.1364944897417626,
                "95,60,-10": 1.970924397459108,
                "95,75,-10": 1.8885327357322628,
                "95,90,-10": 1.8452217585407737,
                "95,105,-10": 1.819988096494403,
                "95,120,-10": 1.8019344795316514,
                "95,135,-10": 1.7935680480683247,
                "95,150,-10": 1.78568141909709,
                "95,165,-10": 1.7814126913862818,
                "95,180,-10": 1.7790281168184494,
                "95,195,-10": 1.7566052252344893,
                "95,210,-10": 1.724968689259531,
                "95,225,-10": 1.6348588479615582,
                "110,-15,-10": 2.5007182808575568,
                "110,0,-10": 2.6731787792685666,
                "110,15,-10": 2.7193256306470714,
                "110,30,-10": 2.646124630303472,
                "110,45,-10": 2.4753156774557943,
                "110,60,-10": 2.299869223462842,
                "110,75,-10": 2.202038183178237,
                "110,90,-10": 2.1382170043808304,
                "110,105,-10": 2.096085446669748,
                "110,120,-10": 2.072471474080058,
                "110,135,-10": 2.052082953270534,
                "110,150,-10": 2.036842218327212,
                "110,165,-10": 2.030806229872812,
                "110,180,-10": 2.0187652692429836,
                "110,195,-10": 1.9961506746220623,
                "110,210,-10": 1.9124322710879609,
                "110,225,-10": 1.7058891159277203,
                "125,-15,-10": 2.3953868960303386,
                "125,0,-10": 2.691481089667958,
                "125,15,-10": 2.7437871267436966,
                "125,30,-10": 2.7281745384281284,
                "125,45,-10": 2.6544481925664902,
                "125,60,-10": 2.5681429516242162,
                "125,75,-10": 2.462870646940492,
                "125,90,-10": 2.4088359484371815,
                "125,105,-10": 2.3686390456162867,
                "125,120,-10": 2.336024172916943,
                "125,135,-10": 2.3093366466645513,
                "125,150,-10": 2.2846920217047586,
                "125,165,-10": 2.2622753941830984,
                "125,180,-10": 2.2343818686798076,
                "125,195,-10": 2.198983699028797,
                "125,210,-10": 2.120582249641816,
                "125,225,-10": 1.8729259389609825,
                "140,-15,-10": 1.4826279094580603,
                "140,0,-10": 2.5766381370910847,
                "140,15,-10": 2.6986177605088812,
                "140,30,-10": 2.738064767903016,
                "140,45,-10": 2.744952803866499,
                "140,60,-10": 2.7101288977532896,
                "140,75,-10": 2.676398207114565,
                "140,90,-10": 2.6063872862822874,
                "140,105,-10": 2.569261532416038,
                "140,120,-10": 2.5380238712210037,
                "140,135,-10": 2.5136529646131134,
                "140,150,-10": 2.4863752707270343,
                "140,165,-10": 2.455612748482071,
                "140,180,-10": 2.4191831388099314,
                "140,195,-10": 2.369517055698,
                "140,210,-10": 2.3075624069260714,
                "140,225,-10": 2.2319336444829245,
                "155,-15,-10": 0.7191346165177102,
                "155,0,-10": 1.9460625982623294,
                "155,15,-10": 2.4875195767109135,
                "155,30,-10": 2.6847553614365323,
                "155,45,-10": 2.7590663888965894,
                "155,60,-10": 2.781965479911238,
                "155,75,-10": 2.771598210587584,
                "155,90,-10": 2.7492955095756035,
                "155,105,-10": 2.7026391931464167,
                "155,120,-10": 2.682917535862636,
                "155,135,-10": 2.666071365584607,
                "155,150,-10": 2.643361444592021,
                "155,165,-10": 2.611994673066814,
                "155,180,-10": 2.560383807663288,
                "155,195,-10": 2.4922286421014728,
                "155,210,-10": 2.414045390538652,
                "155,225,-10": 2.283046592745968,
                "170,-15,-10": 0.8398453389305689,
                "170,0,-10": 1.8316274237419994,
                "170,15,-10": 2.257584389704368,
                "170,30,-10": 2.5951339808877,
                "170,45,-10": 2.7491160896024205,
                "170,60,-10": 2.7998885807102964,
                "170,75,-10": 2.8076178935175915,
                "170,90,-10": 2.7884332581591735,
                "170,105,-10": 2.772012970705267,
                "170,120,-10": 2.754216424357026,
                "170,135,-10": 2.7564014358190785,
                "170,150,-10": 2.751412885138976,
                "170,165,-10": 2.7203468015688093,
                "170,180,-10": 2.6627571116249014,
                "170,195,-10": 2.579107283168251,
                "170,210,-10": 2.467330470480881,
                "170,225,-10": 2.266990608976458,
                "185,-15,-10": 0.8754619689575831,
                "185,0,-10": 1.7967517780058582,
                "185,15,-10": 2.1760769619391054,
                "185,30,-10": 2.4780628887619045,
                "185,45,-10": 2.699413738533803,
                "185,60,-10": 2.776372855367612,
                "185,75,-10": 2.7800347027788805,
                "185,90,-10": 2.7614030478812834,
                "185,105,-10": 2.7542787378901767,
                "185,120,-10": 2.765085939854141,
                "185,135,-10": 2.7817003739710104,
                "185,150,-10": 2.798943181667249,
                "185,165,-10": 2.7776299046889736,
                "185,180,-10": 2.7191703483064265,
                "185,195,-10": 2.6298402190740315,
                "185,210,-10": 2.4976414295138576,
                "185,225,-10": 2.2739810972912684,
                "200,-15,-10": 0.7947428648700134,
                "200,0,-10": 1.7820502845010138,
                "200,15,-10": 2.1279416185788476,
                "200,30,-10": 2.4106885124095947,
                "200,45,-10": 2.619138159446121,
                "200,60,-10": 2.732293454383208,
                "200,75,-10": 2.7363215691560856,
                "200,90,-10": 2.7187374373074737,
                "200,105,-10": 2.7189773577836567,
                "200,120,-10": 2.746705354249178,
                "200,135,-10": 2.7886523190982033,
                "200,150,-10": 2.81171281050756,
                "200,165,-10": 2.8044739958058584,
                "200,180,-10": 2.749152604661746,
                "200,195,-10": 2.654909637939399,
                "200,210,-10": 2.5191574321984853,
                "200,225,-10": 2.2939982700863286,
                "215,-15,-10": 0.8170860066356409,
                "215,0,-10": 1.8546645241877016,
                "215,15,-10": 2.1407510569144446,
                "215,30,-10": 2.383131869746021,
                "215,45,-10": 2.560755915727764,
                "215,60,-10": 2.6488872468591804,
                "215,75,-10": 2.689166974232821,
                "215,90,-10": 2.677602790514705,
                "215,105,-10": 2.68295521972965,
                "215,120,-10": 2.717606104289103,
                "215,135,-10": 2.7669303954425355,
                "215,150,-10": 2.8058549549221663,