{
    "src": {
        "Building_new": {
            "path": "assets/space4.gltf",
            "createSphere": {
                "x": [
                    -275,
                    -125,
                    15
                ],
                "y": [
                    55,
                    220,
                    15
                ],
                "z": [
                    -10,
                    -10,
                    15
                ],
                "r": 5
            },
            "kernelPosition": "-215,160,-10",
            "entropy": {
                "-275,55,-10": 1.772046779206542,
                "-275,70,-10": 2.168535206495486,
                "-275,85,-10": 2.3490359819270066,
                "-275,100,-10": 2.354694356102262,
                "-275,115,-10": 2.3614109572794906,
                "-275,130,-10": 2.3798030873817893,
                "-275,145,-10": 2.412470168104203,
                "-275,160,-10": 2.463845430763529,
                "-275,175,-10": 2.4529136928480435,
                "-275,190,-10": 2.137726916534406,
                "-275,205,-10": 2.000459216914294,
                "-275,220,-10": 1.8909346034302394,
                "-260,55,-10": 1.8584700171096873,
                "-260,70,-10": 2.2669182234344993,
                "-260,85,-10": 2.4676278348129244,
                "-260,100,-10": 2.5484533945298447,
                "-260,115,-10": 2.5858796816006304,
                "-260,130,-10": 2.611584901220934,
                "-260,145,-10": 2.636031759774691,
                "-260,160,-10": 2.648375978710591,
                "-260,175,-10": 2.6139621373619457,
                "-260,190,-10": 2.4992740071621524,
                "-260,205,-10": 2.384633830204941,
                "-260,220,-10": 2.222509802311345,
                "-245,55,-10": 1.927172737608314,
                "-245,70,-10": 2.3681524827395197,
                "-245,85,-10": 2.569212332558707,
                "-245,100,-10": 2.6622364463676984,
                "-245,115,-10": 2.7147954288577423,
                "-245,130,-10": 2.7457438834230596,
                "-245,145,-10": 2.7629531702847987,
                "-245,160,-10": 2.7716293146130973,
                "-245,175,-10": 2.760468362267029,
                "-245,190,-10": 2.7133103887602465,
                "-245,205,-10": 2.6362035060016265,
                "-245,220,-10": 2.529375155997868,
                "-230,55,-10": 2.1539015876463616,
                "-230,70,-10": 2.5509913530811694,
                "-230,85,-10": 2.6739619293615737,
                "-230,100,-10": 2.7473073366628147,
                "-230,115,-10": 2.799909970852865,
                "-230,130,-10": 2.8196223635090685,
                "-230,145,-10": 2.8413077379995406,
                "-230,160,-10": 2.8542586905406537,
                "-230,175,-10": 2.8518803196847613,
                "-230,190,-10": 2.8030491846704857,
                "-230,205,-10": 2.7131159312979936,
                "-230,220,-10": 2.6043576528623236,
                "-215,55,-10": 1.4532008525823525,
                "-215,70,-10": 2.685089668971199,
                "-215,85,-10": 2.739221418941467,
                "-215,100,-10": 2.8191324395320323,
                "-215,115,-10": 2.840910007264904,
                "-215,130,-10": 2.858797188633015,
                "-215,145,-10": 2.876750068770905,
                "-215,160,-10": 2.891767269345549,
                "-215,175,-10": 2.883790771779691,
                "-215,190,-10": 2.801934384996696,
                "-215,205,-10": 2.6899032971888337,
                "-215,220,-10": 2.5848672787146505,
                "-200,55,-10": 1.7457704307989235,
                "-200,70,-10": 1.9688854523177097,
                "-200,85,-10": 2.2556553164158766,
                "-200,100,-10": 2.84353893397861,
                "-200,115,-10": 2.8378169295995734,
                "-200,130,-10": 2.847372021711258,
                "-200,145,-10": 2.864577410877207,
                "-200,160,-10": 2.8801596550714295,
                "-200,175,-10": 2.8709372581063493,
                "-200,190,-10": 2.7830261811143413,
                "-200,205,-10": 2.6635039785510406,
                "-200,220,-10": 2.5635036992390234,
                "-185,55,-10": 2.049733692981331,
                "-185,70,-10": 2.4089048973690894,
                "-185,85,-10": 2.731536890418017,
                "-185,100,-10": 2.86533203683413,
                "-185,115,-10": 2.8109939499076333,
                "-185,130,-10": 2.7751963783911022,
                "-185,145,-10": 2.795762968384298,
                "-185,160,-10": 2.816848709516256,
                "-185,175,-10": 2.819014690593762,
                "-185,190,-10": 2.7487405268577345,
                "-185,205,-10": 2.64498674741157,
                "-185,220,-10": 2.554621925893133,
                "-170,55,-10": 2.13846173893662,
                "-170,70,-10": 2.491093655907367,
                "-170,85,-10": 2.666164821743258,
                "-170,100,-10": 2.7476370241388954,
                "-170,115,-10": 2.7280322813309175,
                "-170,130,-10": 2.7036925748685587,
                "-170,145,-10": 2.698710810714561,
                "-170,160,-10": 2.7091701029555306,
                "-170,175,-10": 2.7218200946211724,
                "-170,190,-10": 2.6958879080442633,
                "-170,205,-10": 2.6301203564073354,
                "-170,220,-10": 2.5554251945347635,
                "-155,55,-10": 1.8630092364909647,
                "-155,70,-10": 2.2970204247253796,
                "-155,85,-10": 2.481640879014695,
                "-155,100,-10": 2.5544358827364526,
                "-155,115,-10": 2.558523707030396,
                "-155,130,-10": 2.5423964031482678,
                "-155,145,-10": 2.5416397098413572,
                "-155,160,-10": 2.556731826029139,
                "-155,175,-10": 2.5799583893980857,
                "-155,190,-10": 2.597270704869783,
                "-155,205,-10": 2.5840668861459384,
                "-155,220,-10": 2.5248999915579855,
                "-140,55,-10": 1.7678577584435131,
                "-140,70,-10": 2.103679701369755,
                "-140,85,-10": 2.2580236575652957,
                "-140,100,-10": 2.3185891512449426,
                "-140,115,-10": 2.3293613835815026,
                "-140,130,-10": 2.321353949257265,
                "-140,145,-10": 2.324685777353314,
                "-140,160,-10": 2.3427133708398564,
                "-140,175,-10": 2.366167969281286,
                "-140,190,-10": 2.3924821123758435,
                "-140,205,-10": 2.3985392111313777,
                "-140,220,-10": 2.313582871709372,
                "-125,55,-10": 1.7180398580811906,
                "-125,70,-10": 1.9278251079658462,
                "-125,85,-10": 2.01188253052075,
                "-125,100,-10": 2.0489629633830244,
                "-125,115,-10": 2.059686497884367,
                "-125,130,-10": 2.059989345301432,
                "-125,145,-10": 2.0639520245122625,
                "-125,160,-10": 2.0778202156943846,
                "-125,175,-10": 2.096235144868992,
                "-125,190,-10": 2.115195563843572,
                "-125,205,-10": 2.1144203077893713,
                "-125,220,-10": 2.024511101969995
            }
        },
        "main": {
            "camera": {
                "position": {
                    "x": -209.59003139486683,
                    "y": 159.7195034736839,
                    "z": 294.15414258090436
                },
                "rotation": {
                    "x": -0.053553241216544166,
                    "y": 0.04043622793459824,
                    "z": 0.0021669695825638955
                }
            }
        }
    }
}