{"faces":[[26,0,3,1,27,2,0,3,15,4,3,1,27,2,1,5,2,6,27,2,3,1,1,5,29,7,0,8,3,9,3,9,4,10,29,7,3,9,26,11,30,12,30,12,4,10,3,9,4,10,30,12,28,13,10,14,31,15,6,16,5,17,13,18,8,19,10,14,7,20,8,21,10,14,6,16,9,22,5,23,9,24,6,25,9,24,5,23,7,20,17,26,12,27,10,14,13,18,5,17,2,6,15,4,14,28,13,29,27,2,2,6,5,17,2,6,15,30,13,18,14,28,15,4,0,3,16,31,7,20,12,27,11,32,12,27,17,26,9,22,17,26,10,14,9,24,7,20,16,31,11,33,18,34,12,35,12,35,18,34,16,36,18,37,11,38,17,39,17,39,16,40,18,37,8,41,13,29,10,42,14,28,10,42,13,29,7,20,10,14,12,27,17,26,9,22,16,43,19,44,20,45,22,46,21,47,20,48,19,49,15,50,2,51,19,49,21,47,1,52,22,46,19,49,2,51,21,47,3,53,15,54,1,52,2,51,1,52,21,47,19,44,1,52,15,54,1,52,19,44,22,46,20,45,24,55,22,46,22,46,23,56,21,47,25,57,24,58,20,48,23,56,24,55,25,57,25,57,20,48,23,56,22,46,24,55,23,56,21,47,23,56,20,48,14,59,31,15,10,14,0,3,26,60,43,61,0,3,43,61,42,62,27,2,44,63,43,61,43,61,26,60,27,2,28,64,30,65,29,7,29,7,26,66,0,8,30,65,26,66,29,7,29,7,4,10,28,64,5,17,6,67,36,68,40,69,33,70,32,71,6,72,32,71,33,70,34,73,31,74,40,69,31,74,34,73,6,75,34,76,32,71,6,72,38,77,40,69,35,78,27,2,5,17,36,68,42,62,36,79,14,28,27,2,36,68,44,63,44,63,36,68,42,80,14,28,0,3,42,62,41,81,35,78,32,71,37,82,38,77,35,78,34,73,40,69,38,77,34,76,41,81,32,71,37,83,35,84,39,85,35,84,41,86,39,85,39,87,38,88,37,89,38,88,39,87,41,90,33,91,40,92,36,79,14,28,36,79,40,92,6,67,33,93,36,68,32,71,35,78,40,69,38,77,41,94,34,73,45,95,48,96,46,97,47,98,45,99,46,100,42,101,45,99,44,102,47,98,48,96,43,103,45,99,47,98,44,102,44,102,47,98,43,103,45,95,42,104,43,103,43,103,48,96,45,95,46,97,48,96,50,105,48,96,47,98,49,106,51,107,46,100,50,108,49,106,51,107,50,105,51,107,49,106,46,100,48,96,49,106,50,105,47,98,46,100,49,106,40,92,31,109,14,28,5,23,8,21,7,20]],"materials":["Texture_0.jpeg"],"normals":[0.2652430534362793,0.09095754474401474,0.01652699708938599,-0.02172711864113808,0.09565344452857971,-0.07726681977510452,-0.1892613172531128,-0.03952029347419739,-0.1323858350515366,-0.02662437409162521,0.06997671723365784,-0.1166369542479515,0.005973860621452332,0.03092730976641178,-0.06454793363809586,-0.4583032131195068,-0.02353045716881752,-0.1102073788642883,-0.2116612046957016,-0.03934493660926819,0.08174933493137360,-0.09717799723148346,-0.004861577413976192,-0.2289640158414841,0.01173545420169830,-0.002887568436563015,-0.1636406481266022,-0.0872545987367630,-0.02812782302498817,0.2814386188983917,0.3015663921833038,-0.03812355175614357,-0.05283384025096893,0.006101070437580347,0.009233904071152210,0.001854677917435765,0.06917858868837357,0.009065599180757999,-0.2093955278396606,0.09785451740026474,-0.009750915691256523,-0.2664629817008972,0.4346723556518555,0.01866469532251358,0.03007195517420769,0.2170494496822357,0.03180788829922676,-0.1275042444467545,-0.1015078946948051,-0.03050919994711876,0.02068232744932175,0.09607306867837906,-0.03874724730849266,0.1525518596172333,0.001397737418301404,-0.02340665087103844,-0.007704802788794041,0.05077664926648140,-0.05278724431991577,0.03706456720829010,-0.01534023322165012,-0.05231010168790817,0.04975115880370140,-0.09421395510435104,0.002307153306901455,-0.01798634231090546,0.06707291305065155,0.04326638951897621,-0.04128349944949150,-0.01735105551779270,0.03053784370422363,-0.04860829934477806,0.03490011394023895,-0.007970664650201797,0.003743906505405903,-0.008530755527317524,-0.007023471407592297,-6.181339267641306e-05,-0.03769302368164063,0.03998016566038132,0.04723755270242691,-0.4546497762203217,0.03024788945913315,0.04257189854979515,0.02745166979730129,0.02760832756757736,0.02491746097803116,0.06706377863883972,-0.01333202794194221,0.04158753529191017,-0.04872082173824310,0.01928433962166309,0.02863841876387596,0.07136107236146927,-0.05409852787852287,-0.08966778963804245,-0.1404027938842773,-0.002487562596797943,0.2295155525207520,-0.06130204349756241,0.003836179617792368,0.1648016870021820,-0.03795352578163147,-0.03883941099047661,-0.2827343940734863,0.06051556393504143,0.007043300196528435,0.2067218422889709,-0.1671799272298813,-0.02064774744212627,0.2993434071540833,0.006101031322032213,0.009233981370925903,-0.001854623900726438,0.1025422438979149,-0.03730588778853416,-0.1510159373283386,0.001397681888192892,-0.02340667881071568,0.007704751566052437,0.2914118766784668,-0.01013298332691193,0.1415754407644272,-0.1008167862892151,-0.03066847845911980,-0.02140443399548531,0.2013932019472122,0.008910087868571281,0.1355039030313492,-0.005268424749374390,0.1206364929676056,0.09754237532615662,-0.1273517906665802,-0.03979461640119553,0.03826795890927315,0.05745321512222290,-0.05119228363037109,-0.03499920666217804,-0.01542726065963507,-0.05230510234832764,-0.04976443946361542,-0.1008856222033501,0.009739911183714867,0.02408456616103649,0.07120984792709351,0.04866388440132141,0.04654381796717644,-0.01726409234106541,0.03053286485373974,0.04862139374017715,0.03489996865391731,-0.007970695383846760,-0.003743845038115978,-0.008526753634214401,-0.007032197900116444,6.059138104319572e-05],"skeletonLibs":[4,12,14,27,41,49,54,63,64,67,68,72,76,82,86,88,94,108,110,116,128,130,131,152,154,158,167,168,171,184,185,190,195,197,200,203,213,220,224,233,238,241,243,248,250,251,262,265,266,291,293,294],"type":0,