{
    "src": {
        "Building_new": {
            "path": "assets/space1.gltf",
            "createSphere": {
                "x": [
                    -90,
                    60,
                    15
                ],
                "y": [
                    60,
                    225,
                    15
                ],
                "z": [
                    -10,
                    -10,
                    15
                ],
                "r": 5
            },
            "kernelPosition": "0,150,-10",
            "entropy": {
                "-90,60,-10": 1.9620342544191558,
                "-90,75,-10": 2.107636149151091,
                "-90,90,-10": 2.2400309281649102,
                "-90,105,-10": 2.3959043822633324,
                "-90,120,-10": 2.43504473142545,
                "-90,135,-10": 2.4026571354770523,
                "-90,150,-10": 2.364935724544272,
                "-90,165,-10": 2.3636453625533056,
                "-90,180,-10": 2.3953891367080864,
                "-90,195,-10": 2.389774030571871,
                "-90,210,-10": 2.3429404390960205,
                "-90,225,-10": 2.2132455521046563,
                "-75,60,-10": 2.1212894995127405,
                "-75,75,-10": 2.403564395661751,
                "-75,90,-10": 2.568355265441427,
                "-75,105,-10": 2.685174047474494,
                "-75,120,-10": 2.738418710625769,
                "-75,135,-10": 2.736248526140244,
                "-75,150,-10": 2.6909574936742118,
                "-75,165,-10": 2.658571014675688,
                "-75,180,-10": 2.673863513903127,
                "-75,195,-10": 2.659852303672826,
                "-75,210,-10": 2.624926076770915,
                "-75,225,-10": 2.488466911137448,
                "-60,60,-10": 2.3006699483390376,
                "-60,75,-10": 2.631629035097154,
                "-60,90,-10": 2.7865556407586305,
                "-60,105,-10": 2.8717413190567367,
                "-60,120,-10": 2.931318256808289,
                "-60,135,-10": 2.9512761819719064,
                "-60,150,-10": 2.9191121284156587,
                "-60,165,-10": 2.849765357599649,
                "-60,180,-10": 2.854965661175121,
                "-60,195,-10": 2.825497239155238,
                "-60,210,-10": 2.782556852215192,
                "-60,225,-10": 2.693075724872692,
                "-45,60,-10": 2.673545244382688,
                "-45,75,-10": 2.851077365747416,
                "-45,90,-10": 2.9504742049004964,
                "-45,105,-10": 3.0278439332121807,
                "-45,120,-10": 3.0700205824424036,
                "-45,135,-10": 3.1047374836513755,
                "-45,150,-10": 3.091767349859057,
                "-45,165,-10": 3.0165376015928276,
                "-45,180,-10": 2.978239731388607,
                "-45,195,-10": 2.934931274861506,
                "-45,210,-10": 2.8576210426274815,
                "-45,225,-10": 2.688054668958778,
                "-30,60,-10": 1.722215940037172,
                "-30,75,-10": 2.972296401504335,
                "-30,90,-10": 3.060414552324919,
                "-30,105,-10": 3.155102354260227,
                "-30,120,-10": 3.1866104805668565,
                "-30,135,-10": 3.2083540324191375,
                "-30,150,-10": 3.2075662760904247,
                "-30,165,-10": 3.164072229012626,
                "-30,180,-10": 3.072341423231973,
                "-30,195,-10": 2.9883986278666446,
                "-30,210,-10": 2.8900787856626358,
                "-30,225,-10": 2.6748275962663306,
                "-15,60,-10": 2.1685502002077377,
                "-15,75,-10": 2.4634650639465456,
                "-15,90,-10": 3.161522672933566,
                "-15,105,-10": 3.2080210363220574,
                "-15,120,-10": 3.2398864777080028,
                "-15,135,-10": 3.2593023554582077,
                "-15,150,-10": 3.264027713030985,
                "-15,165,-10": 3.2404568942135765,
                "-15,180,-10": 3.18251610068384,
                "-15,195,-10": 3.079890368226618,
                "-15,210,-10": 2.932395088728726,
                "-15,225,-10": 2.687714293540844,
                "0,60,-10": 2.588652698695601,
                "0,75,-10": 2.8779362742637806,
                "0,90,-10": 3.161946644235062,
                "0,105,-10": 3.245032607682913,
                "0,120,-10": 3.265668033158751,
                "0,135,-10": 3.2671521200290785,
                "0,150,-10": 3.270632637808334,
                "0,165,-10": 3.260411934786808,
                "0,180,-10": 3.219120926360512,
                "0,195,-10": 3.131394437250521,
                "0,210,-10": 2.987194828480891,
                "0,225,-10": 2.7280595414788604,
                "15,60,-10": 2.427287003087939,
                "15,75,-10": 2.769930199300202,
                "15,90,-10": 3.0383955680215737,
                "15,105,-10": 3.14913983758159,
                "15,120,-10": 3.211868031414008,
                "15,135,-10": 3.2468673443495715,
                "15,150,-10": 3.2613525147892486,
                "15,165,-10": 3.2544295154442824,
                "15,180,-10": 3.2171157847321785,
                "15,195,-10": 3.1361870319398637,
                "15,210,-10": 2.996939085544241,
                "15,225,-10": 2.7582296357534064,
                "30,60,-10": 2.5660277730893597,
                "30,75,-10": 2.914575026638369,
                "30,90,-10": 2.698948635169975,
                "30,105,-10": 2.956438327863222,
                "30,120,-10": 3.0714302810964007,
                "30,135,-10": 3.1574315466385374,
                "30,150,-10": 3.2142210827316227,
                "30,165,-10": 3.244545219987105,
                "30,180,-10": 3.2248931340579667,
                "30,195,-10": 3.1439992048007195,
                "30,210,-10": 2.985721829389693,
                "30,225,-10": 2.774369641407763,
                "45,60,-10": 2.440710010347783,
                "45,75,-10": 2.7070827195989606,
                "45,90,-10": 2.880480813355449,
                "45,105,-10": 2.5669258988846084,
                "45,120,-10": 2.80361518317463,
                "45,135,-10": 2.9900541166888206,
                "45,150,-10": 3.140823281998812,
                "45,165,-10": 3.186619979254719,
                "45,180,-10": 3.1837986069718047,
                "45,195,-10": 3.07513295736863,
                "45,210,-10": 2.9237993637588233,
                "45,225,-10": 2.5261207850372847,
                "60,60,-10": 2.3957531814851603,
                "60,75,-10": 2.6727310324631346,
                "60,90,-10": 2.5925628608577753,
                "60,105,-10": 2.1530293994895833,
                "60,120,-10": 2.3678000809068775,
                "60,135,-10": 2.6307794583518453,
                "60,150,-10": 2.8968129597805903,
                "60,165,-10": 3.0172146355532563,
                "60,180,-10": 3.04315449192588,
                "60,195,-10": 2.9218458068464135,
                "60,210,-10": 2.7398110658762564,
                "60,225,-10": 2.3252832365214124
            }
        },
        "main": {
            "camera": {
                "position": {
                    "x": -37.70813332811672,
                    "y": 169.7195034736839,
                    "z": 337.15951201673545
                },
                "rotation": {
                    "x": -0.053553241216544166,
                    "y": 0.04043622793459824,
                    "z": 0.0021669695825638955
                }
            }
        }
    }
}