{"faces":[[12,0,4,1,21,2,28,3,22,4,20,5,12,6,21,2,2,7,28,3,20,5,4,1,1,8,5,9,3,10,5,9,1,8,4,11,29,12,5,9,4,11,5,9,29,12,33,13,32,14,3,10,5,9,5,9,33,13,32,14,3,10,0,15,1,8,4,1,1,16,28,3,6,17,13,18,37,19,11,20,13,18,8,21,11,20,9,22,6,23,9,22,11,20,8,21,6,17,9,24,7,25,16,26,7,25,9,24,15,27,7,25,16,26,13,18,10,28,37,19,13,29,11,30,2,7,22,4,10,31,13,32,12,6,2,7,11,30,2,7,22,33,13,29,10,31,22,4,28,3,18,34,12,6,11,30,14,35,7,25,15,27,14,35,8,21,7,25,9,22,8,21,14,35,16,36,17,37,15,38,15,38,17,37,14,39,16,40,14,41,17,42,6,17,7,25,13,18,7,25,8,21,13,18,16,26,9,24,14,43,19,44,22,45,2,46,20,47,19,44,21,48,2,46,23,49,19,44,19,44,20,47,22,45,25,50,23,51,2,52,2,52,21,48,25,50,19,44,24,53,21,48,24,53,23,49,26,54,25,50,24,53,26,54,23,51,25,50,26,55,19,44,23,49,24,53,21,48,24,53,25,50,0,56,28,3,1,57,20,5,21,2,4,1,12,6,29,58,4,1,12,6,30,59,29,58,28,3,46,60,40,61,12,6,31,62,30,59,28,3,29,58,46,60,32,63,33,64,3,10,27,65,3,10,33,64,33,64,29,66,27,65,3,10,27,65,0,15,29,58,28,3,27,67,6,68,37,69,39,70,18,71,35,72,39,70,18,71,6,73,36,74,36,74,35,72,18,71,6,68,34,75,36,76,43,77,36,76,34,75,41,78,43,77,34,75,28,3,37,79,10,31,39,80,31,62,38,81,40,61,39,82,37,79,12,6,38,81,31,62,31,62,39,80,40,83,37,79,28,3,40,61,18,34,38,81,12,6,11,84,6,73,18,71,42,85,41,78,34,75,42,85,34,75,35,72,36,74,42,85,35,72,43,86,41,87,44,88,41,87,42,89,44,88,43,90,44,91,42,92,6,68,39,70,34,75,34,75,39,70,35,72,18,71,39,70,38,93,43,77,42,94,36,76,45,95,31,96,40,97,46,98,49,99,45,95,31,96,45,95,47,100,46,98,30,101,49,99,31,102,49,99,30,101,45,95,40,97,46,98,31,102,47,103,49,99,47,100,45,95,48,104,50,105,47,103,51,106,50,105,51,107,48,104,50,105,49,99,47,103,50,105,48,104,49,99,48,108,51,106,47,103,45,95,49,99,48,104,0,109,27,110,28,3,46,60,29,58,30,59]],"materials":["Texture_0.jpeg"],"normals":[0.02443973347544670,-0.002283271169289947,1.882202923297882e-06,0.02414915710687637,-0.008882258087396622,-0.05452083423733711,-0.1581032276153564,-0.1122151911258698,-0.1475619971752167,0.05598604306578636,0.01078242436051369,0.008637088350951672,-0.06560323387384415,0.07165023684501648,-0.06433326005935669,-0.02648330852389336,0.028363062068820,-0.07246172428131104,0.2049056440591812,-0.09826337546110153,-0.006565272342413664,0.1345326006412506,-0.0004124505212530494,-0.2067695260047913,-0.1671564131975174,-0.001359030022285879,-0.1037209182977676,-0.01119865570217371,-0.02023885212838650,0.3009337186813354,0.2551039457321167,0.01348734740167856,-0.07604581117630005,-0.3641906678676605,-0.06752720475196838,-0.1091635897755623,-0.5136821866035461,0.03918768092989922,0.01023996248841286,0.1696277856826782,-0.05209707468748093,-0.3317126929759979,-0.1249834522604942,-0.03614769503474236,0.007164284586906433,0.01108072884380817,0.003438981482759118,-0.1012389734387398,0.1067947223782539,-0.02522707730531693,0.09401503205299377,0.003384626703336835,-0.01508135814219713,-0.006060051266103983,-0.2864779233932495,-0.05983849987387657,0.02072502672672272,0.1140567734837532,0.03002984076738358,-0.04453431814908981,0.06320873647928238,0.09338131546974182,-0.06681991368532181,-0.1750243753194809,0.09023197740316391,-0.09200391918420792,0.2385570108890533,0.004607192240655422,-0.1502539366483688,0.05308282375335693,-0.04172165691852570,0.03440622240304947,0.001498181372880936,0.05316086858510971,-0.06963002681732178,-0.09846055507659912,-0.03556965291500092,0.01845814660191536,0.001060445560142398,-0.0009695105254650116,-0.004750059917569160,0.01879147812724113,-0.005679772235453129,0.07047560811042786,0.3008327782154083,0.1094480529427528,0.01245598960667849,-0.08845922350883484,0.06614853441715240,0.04194033145904541,-0.1437763124704361,0.05278830230236053,0.06092818826436996,-0.1382414996623993,-0.07808689028024673,0.1282655298709869,0.0006947976071387529,0.02613374777138233,-0.004885010421276093,-0.01966878026723862,0.01784935407340527,0.05983540415763855,0.1352020502090454,-0.0003952530678361654,0.2064751237630844,-0.1789315640926361,-0.002296563703566790,0.1096962541341782,-0.004452664405107498,-0.02553364448249340,-0.3050944507122040,0.3487546443939209,-0.02203589677810669,0.07526595890522003,-0.1576250195503235,-0.01530427485704422,0.1445791125297546,0.1027032732963562,-0.03354550153017044,0.3144643306732178,0.2549678385257721,0.004419155418872833,0.1507316827774048,0.01109824143350124,0.003223350271582603,0.1010717600584030,-0.1261323988437653,-0.03656549006700516,-0.005833424627780914,0.1072719097137451,-0.02531464770436287,-0.09302716702222824,0.003395160427317023,-0.01507134642452002,0.006064309738576412,0.1112986207008362,-0.01692396774888039,0.004745290614664555,0.07011567056179047,0.1201553419232368,0.08648256212472916,-0.004099106881767511,-0.04718059673905373,-0.04657177254557610,0.02648107893764973,0.01607871241867542,0.02083045430481434,-0.09078953415155411,0.05401867628097534,0.0692172497510910,-0.008569967001676559,0.002519460394978523,0.01115350425243378,-0.0009664664976298809,-0.009335529059171677,-0.005701351910829544],"skeletonLibs":[1,3,13,15,18,30,38,46,48,50,56,57,58,59,63,64,68,73,74,77,78,80,86,89,93,98,103,106,108,115,116,117,118,122,134,136,138,143,144,145,146,150,154,155,157,161,164,172,173,175,184,186],"type":0,